[
  { "userId": "eng-user-01", "name": "Adebayo Adekunle", "employeeCode": "ZEN-ENG-001", "phone": "08087654321", "email": "adebayo@zenith.com", "region": "Lagos Mainland", "specialization": ["HARDWARE", "NETWORK"], "currentStatus": "AVAILABLE", "performance": { "avgResponseTimeMins": 30, "avgResolutionTimeMins": 90, "totalTicketsResolved": 50, "uptimeContributionPercent": 0.5, "rating": 4.5 } },
  { "userId": "eng-user-02", "name": "Tunde Bakare", "employeeCode": "ZEN-ENG-002", "phone": "08087654322", "email": "tunde@zenith.com", "region": "Lagos Island", "specialization": ["POWER", "HARDWARE"], "currentStatus": "AVAILABLE", "performance": { "avgResponseTimeMins": 25, "avgResolutionTimeMins": 80, "totalTicketsResolved": 65, "uptimeContributionPercent": 0.7, "rating": 4.8 } },
  { "userId": "eng-user-03", "name": "Emeka Okafor", "employeeCode": "ZEN-ENG-003", "phone": "08087654323", "email": "emeka@zenith.com", "region": "Abuja", "specialization": ["SOFTWARE", "NETWORK"], "currentStatus": "ON_ASSIGNMENT", "performance": { "avgResponseTimeMins": 40, "avgResolutionTimeMins": 100, "totalTicketsResolved": 40, "uptimeContributionPercent": 0.4, "rating": 4.2 } },
  { "userId": "eng-user-04", "name": "Musa Danjuma", "employeeCode": "GTB-ENG-001", "phone": "08021234567", "email": "musa@gtb.com", "region": "Abuja", "specialization": ["HARDWARE", "POWER"], "currentStatus": "AVAILABLE", "performance": { "avgResponseTimeMins": 35, "avgResolutionTimeMins": 95, "totalTicketsResolved": 55, "uptimeContributionPercent": 0.6, "rating": 4.4 } },
  { "userId": "eng-user-05", "name": "Bola Adesanya", "employeeCode": "ACC-ENG-001", "phone": "08031234567", "email": "bola@access.com", "region": "Lagos Mainland", "specialization": ["NETWORK"], "currentStatus": "AVAILABLE", "performance": { "avgResponseTimeMins": 45, "avgResolutionTimeMins": 110, "totalTicketsResolved": 30, "uptimeContributionPercent": 0.3, "rating": 4.0 } },
  { "userId": "eng-user-06", "name": "David Okon", "employeeCode": "UBA-ENG-001", "phone": "08041234567", "email": "david@uba.com", "region": "Port Harcourt", "specialization": ["SOFTWARE", "HARDWARE"], "currentStatus": "OFFLINE", "performance": { "avgResponseTimeMins": 50, "avgResolutionTimeMins": 120, "totalTicketsResolved": 25, "uptimeContributionPercent": 0.2, "rating": 3.8 } },
  { "userId": "eng-user-07", "name": "Samson Ilori", "employeeCode": "FBN-ENG-001", "phone": "08051234567", "email": "samson@firstbank.com", "region": "Lagos Island", "specialization": ["POWER"], "currentStatus": "AVAILABLE", "performance": { "avgResponseTimeMins": 30, "avgResolutionTimeMins": 85, "totalTicketsResolved": 60, "uptimeContributionPercent": 0.6, "rating": 4.6 } },
  { "userId": "eng-user-08", "name": "Frank Eze", "employeeCode": "FID-ENG-001", "phone": "08061234567", "email": "frank@fidelity.com", "region": "Port Harcourt", "specialization": ["HARDWARE", "NETWORK"], "currentStatus": "ON_ASSIGNMENT", "performance": { "avgResponseTimeMins": 40, "avgResolutionTimeMins": 100, "totalTicketsResolved": 42, "uptimeContributionPercent": 0.4, "rating": 4.1 } },
  { "userId": "eng-user-09", "name": "Ali Mohammed", "employeeCode": "ECO-ENG-001", "phone": "08071234567", "email": "ali@ecobank.com", "region": "Kano", "specialization": ["SOFTWARE"], "currentStatus": "AVAILABLE", "performance": { "avgResponseTimeMins": 55, "avgResolutionTimeMins": 130, "totalTicketsResolved": 20, "uptimeContributionPercent": 0.2, "rating": 3.7 } },
  { "userId": "eng-user-10", "name": "Peter George", "employeeCode": "STA-ENG-001", "phone": "08081234567", "email": "peter@stanbic.com", "region": "Lagos Mainland", "specialization": ["NETWORK", "POWER"], "currentStatus": "AVAILABLE", "performance": { "avgResponseTimeMins": 33, "avgResolutionTimeMins": 92, "totalTicketsResolved": 58, "uptimeContributionPercent": 0.5, "rating": 4.3 } }
]